command,file,domain_id,domain,muster,stamm,rw,tables,ki,layers,vault,gl_refs,mvp,review,params,return
list_countries,commands.rs,D-1,Vokabulare & Lookups,CRUD,countries,R,lookup_country,0,0,0,,MVP,0,,"Result<Vec<LookupItem>, String>"
list_distinct_sub_kategorien,commands.rs,D-1,Vokabulare & Lookups,CRUD,distinct_sub_kategorien,R,lookup_produkttyp;wawi_gp_v2,0,0,0,,MVP,0,warengruppe: Option<String>,"Result<Vec<String>, String>"
list_einheiten,commands.rs,D-1,Vokabulare & Lookups,CRUD,einheiten,W,allergens;calc;ing_base;ing_costs;ing_nutri;ing_resolved;ing_tags;ings;lookup_unit;nutritional;prices;recipe_ingredients;recipes;sums;supplier_items;vocab_einheit;wawi_gp_count_unit_defaults;wawi_gp_v2;wawi_la_structured,0,0,0,,MVP,0,,"Result<Vec<VocabEinheit>, String>"
list_einheiten_vpe_const,commands.rs,D-1,Vokabulare & Lookups,CRUD,einheiten_vpe_const,R,,0,0,0,,MVP,0,,"Result<Vec<String>, String>"
list_food_domains,commands.rs,D-1,Vokabulare & Lookups,CRUD,food_domains,R,vocab_food_domain,0,0,0,,MVP,0,,"Result<Vec<FoodDomain>, String>"
list_formen_const,commands.rs,D-1,Vokabulare & Lookups,CRUD,formen_const,R,,0,0,0,,MVP,0,,"Result<Vec<String>, String>"
get_kuechen_typ,commands.rs,D-1,Vokabulare & Lookups,CRUD,kuechen_typ,R,,0,0,0,,MVP,0,,"Result<Vec<String>, String>"
set_kuechen_typ,commands.rs,D-1,Vokabulare & Lookups,CRUD,kuechen_typ,R,vocab_kuechen_typ,0,0,0,,MVP,0,slugs: Vec<String>,"Result<(), String>"
list_kuechen_typen,commands.rs,D-1,Vokabulare & Lookups,CRUD,kuechen_typen,R,vocab_kuechen_typ,0,0,0,,MVP,0,,"Result<Vec<crate::models::KuechenTyp>, String>"
list_languages,commands.rs,D-1,Vokabulare & Lookups,CRUD,languages,R,lookup_language,0,0,0,,MVP,0,,"Result<Vec<LookupItem>, String>"
merge_recipe_kategorien,commands.rs,D-1,Vokabulare & Lookups,Spezial,merge_recipe_kategorien,W,recipe_kategorien;recipes,0,0,0,,MVP,1,"source_id: i64, target_id: i64","Result<i64, String>"
list_niveaus,commands.rs,D-1,Vokabulare & Lookups,CRUD,niveaus,R,vocab_niveau,0,0,0,,MVP,0,,"Result<Vec<crate::models::NiveauVocab>, String>"
list_produkttypen,commands.rs,D-1,Vokabulare & Lookups,CRUD,produkttypen,R,lookup_recipe_typ;pairing_anker_edges;recipe_hauptgruppen;recipe_kategorien;recipes;vocab_pairing_anker,0,0,1,GL-13,MVP,0,warengruppe: String,"Result<Vec<String>, String>"
accept_recipe_kategorie,commands.rs,D-1,Vokabulare & Lookups,KI-Lebenszyklus,recipe_kategorie,W,recipe_hauptgruppen;recipe_kategorien;recipes,0,0,0,GL-07,MVP,1,input: AcceptRecipeKategorieInput,"Result<i64, String>"
create_recipe_kategorie,commands.rs,D-1,Vokabulare & Lookups,CRUD,recipe_kategorie,W,recipe_kategorien,0,0,0,,MVP,1,input: RecipeKategorieInput,"Result<i64, String>"
delete_recipe_kategorie,commands.rs,D-1,Vokabulare & Lookups,CRUD,recipe_kategorie,W,recipe_kategorien;recipes,0,0,0,,MVP,1,kategorie_id: i64,"Result<(), String>"
update_recipe_kategorie,commands.rs,D-1,Vokabulare & Lookups,CRUD,recipe_kategorie,W,recipe_kategorien,0,0,0,,MVP,1,"kategorie_id: i64, input: RecipeKategorieInput","Result<(), String>"
list_recipe_kategorien,commands.rs,D-1,Vokabulare & Lookups,CRUD,recipe_kategorien,R,recipe_hauptgruppen;recipe_kategorien;recipes,0,0,0,,MVP,1,hauptgruppe_id: Option<i64>,"Result<Vec<RecipeKategorie>, String>"
rename_sub_kategorie,commands.rs,D-1,Vokabulare & Lookups,Spezial,rename_sub_kategorie,R,wawi_gp_v2,0,0,0,,MVP,0,"warengruppe: String, old_value: String, new_value: String","Result<i64, String>"
list_sektoren,commands.rs,D-1,Vokabulare & Lookups,CRUD,sektoren,R,vocab_sektor,0,0,0,,MVP,0,,"Result<Vec<crate::models::SektorVocab>, String>"
clear_sub_kategorie,commands.rs,D-1,Vokabulare & Lookups,KI-Lebenszyklus,sub_kategorie,R,wawi_gp_v2,0,0,0,GL-07,MVP,0,"warengruppe: String, value: String","Result<i64, String>"
list_sub_kategorien_overview,commands.rs,D-1,Vokabulare & Lookups,CRUD,sub_kategorien_overview,R,wawi_gp_v2,0,0,0,,MVP,0,warengruppe: Option<String>,"Result<Vec<SubKategorieRow>, String>"
list_verarbeitungen_const,commands.rs,D-1,Vokabulare & Lookups,CRUD,verarbeitungen_const,R,,0,0,0,,MVP,0,,"Result<Vec<String>, String>"
create_vocab_kochequipment,commands.rs,D-1,Vokabulare & Lookups,CRUD,vocab_kochequipment,W,vocab_kochequipment,0,0,0,,MVP,1,"name: String, gruppe: Option<String>, sort_order: Option<i64>","Result<i64, String>"
delete_vocab_kochequipment,commands.rs,D-1,Vokabulare & Lookups,CRUD,vocab_kochequipment,W,recipe_equipment;vocab_kochequipment,0,0,0,,MVP,1,vocab_id: i64,"Result<(), String>"
list_vocab_kochequipment,commands.rs,D-1,Vokabulare & Lookups,CRUD,vocab_kochequipment,R,vocab_kochequipment,0,0,0,,MVP,1,include_inactive: bool,"Result<Vec<crate::models::VocabKochequipment>, String>"
update_vocab_kochequipment,commands.rs,D-1,Vokabulare & Lookups,CRUD,vocab_kochequipment,W,vocab_kochequipment,0,0,0,,MVP,1,"vocab_id: i64, name: String, gruppe: Option<String>, sort_order: Option<i64>","Result<(), String>"
set_vocab_kochequipment_inactive,commands.rs,D-1,Vokabulare & Lookups,CRUD,vocab_kochequipment_inactive,W,vocab_kochequipment,0,0,0,,MVP,1,"vocab_id: i64, inactive: bool","Result<(), String>"
list_zustaende_const,commands.rs,D-1,Vokabulare & Lookups,CRUD,zustaende_const,R,,0,0,0,,MVP,0,,"Result<Vec<String>, String>"
add_stamm_lieferant,commands.rs,D-2,Lieferanten & LA,Spezial,add_stamm_lieferant,R,stamm_lieferant,0,0,0,,MVP,0,supplier_id: i64,"Result<(), String>"
apply_lead_la,commands.rs,D-2,Lieferanten & LA,Spezial,apply_lead_la,R,wawi_gp_v2,0,0,0,GL-03,MVP,0,gp_v2_id: i64,"Result<Option<i64>, String>"
bulk_delete_la,commands.rs,D-2,Lieferanten & LA,Spezial,bulk_delete_la,W,allergens;declarations;nutritional;prices;supplier_items;wawi_la_structured,0,0,0,,MVP,0,supplier_item_ids: Vec<i64>,"Result<i64, String>"
ai_bulk_match_phantoms_via_matrix,commands.rs,D-2,Lieferanten & LA,KI-Lebenszyklus,bulk_match_phantoms_via_matrix,W,ai_call_log;allergens;lookup_unit;stamm_lieferant_wg;supplier_items;suppliers;v_active_prices;wawi_gp_v2;wawi_la_structured,1,1,0,GL-06;GL-07,MVP,1,"limiter: State<GeminiRateLimiter>, min_score: Option<f64>, auto_accept: bool, limit: Option<i64>","Result<PhantomMatchResult, String>"
ai_bulk_match_unmapped_las,commands.rs,D-2,Lieferanten & LA,KI-Lebenszyklus,bulk_match_unmapped_las,W,ai_call_log;supplier_items;suppliers;wawi_gp_v2;wawi_la_structured,1,1,0,GL-06;GL-07,MVP,1,"limiter: State<GeminiRateLimiter>, limit: Option<i64>, auto_accept: bool, min_score: Option<f64>","Result<BulkLaMatchResult, String>"
bulk_set_la_discontinued,commands.rs,D-2,Lieferanten & LA,Spezial,bulk_set_la_discontinued,W,supplier_items,0,0,0,,MVP,0,"supplier_item_ids: Vec<i64>, is_discontinued: bool","Result<i64, String>"
bulk_set_la_gp,commands.rs,D-2,Lieferanten & LA,Spezial,bulk_set_la_gp,W,n_las_total;wawi_gp_v2;wawi_la_structured,0,0,0,,MVP,1,"supplier_item_ids: Vec<i64>, gp_v2_id: Option<i64>","Result<i64, String>"
db_info,commands.rs,D-2,Lieferanten & LA,Spezial,db_info,R,recipes;suppliers;wawi_gp_v2;wawi_la_structured,0,0,0,,MVP,1,,"Result<DbInfo, String>"
derive_stamm_lieferant_wg,commands.rs,D-2,Lieferanten & LA,Spezial,derive_stamm_lieferant_wg,R,stamm_lieferant_wg;supplier_items;wawi_gp_v2;wawi_la_structured,0,0,0,,MVP,0,supplier_id: i64,"Result<Vec<String>, String>"
detect_price_anomalies,commands.rs,D-2,Lieferanten & LA,Spezial,detect_price_anomalies,R,lookup_unit;supplier_items;suppliers;v_active_prices;wawi_gp_v2;wawi_la_structured,0,0,0,GL-11,MVP,0,"threshold_pct: Option<f64>, limit: Option<i64>","Result<Vec<PriceAnomaly>, String>"
accept_gp_la_suggestions,commands.rs,D-2,Lieferanten & LA,KI-Lebenszyklus,gp_la_suggestions,W,ai_call_log;wawi_gp_v2;wawi_la_structured,0,0,0,GL-07,MVP,1,input: AcceptGpLaSuggestInput,"Result<i64, String>"
set_gp_lead_la,commands.rs,D-2,Lieferanten & LA,CRUD,gp_lead_la,R,stamm_lieferant_wg;supplier_items;suppliers;v_active_prices;wawi_gp_v2;wawi_la_structured,0,0,0,GL-03,MVP,1,"gp_v2_id: i64, supplier_item_id: Option<i64>","Result<(), String>"
get_la_allergens,commands.rs,D-2,Lieferanten & LA,CRUD,la_allergens,R,allergens,0,0,0,GL-01,MVP,0,supplier_item_id: i64,"Result<LaAllergens, String>"
set_la_allergens,commands.rs,D-2,Lieferanten & LA,CRUD,la_allergens,W,allergens;wawi_la_structured,0,0,0,GL-01,MVP,0,"supplier_item_id: i64, input: LaAllergens","Result<(), String>"
get_la_declarations,commands.rs,D-2,Lieferanten & LA,CRUD,la_declarations,R,declarations,0,0,0,,MVP,0,supplier_item_id: i64,"Result<LaDeclarations, String>"
set_la_declarations,commands.rs,D-2,Lieferanten & LA,CRUD,la_declarations,W,declarations,0,0,0,,MVP,0,"supplier_item_id: i64, input: LaDeclarations","Result<(), String>"
set_la_gp_mapping,commands.rs,D-2,Lieferanten & LA,CRUD,la_gp_mapping,W,wawi_gp_v2;wawi_la_structured,0,0,0,,MVP,1,"supplier_item_id: i64, gp_v2_id: Option<i64>, review_grund: Option<String>","Result<(), String>"
accept_la_gp_match,commands.rs,D-2,Lieferanten & LA,KI-Lebenszyklus,la_gp_match,W,ai_call_log;wawi_gp_v2;wawi_la_structured,0,0,0,GL-07,MVP,1,input: AcceptLaMatchInput,"Result<i64, String>"
reject_la_gp_match,commands.rs,D-2,Lieferanten & LA,KI-Lebenszyklus,la_gp_match,W,ai_call_log,0,0,0,GL-07,MVP,1,call_log_id: i64,"Result<(), String>"
create_la_price,commands.rs,D-2,Lieferanten & LA,CRUD,la_price,W,prices,0,0,0,GL-11,MVP,0,"supplier_item_id: i64, input: PriceInput","Result<i64, String>"
delete_la_price,commands.rs,D-2,Lieferanten & LA,CRUD,la_price,W,prices,0,0,0,GL-11,MVP,0,price_id: i64,"Result<(), String>"
update_la_price,commands.rs,D-2,Lieferanten & LA,CRUD,la_price,W,prices,0,0,0,GL-11,MVP,0,"price_id: i64, input: PriceInput","Result<(), String>"
get_la_prices,commands.rs,D-2,Lieferanten & LA,CRUD,la_prices,R,prices,0,0,0,GL-11,MVP,0,supplier_item_id: i64,"Result<Vec<PriceRow>, String>"
ai_match_la_to_gp,commands.rs,D-2,Lieferanten & LA,KI-Lebenszyklus,match_la_to_gp,R,supplier_items;suppliers,1,1,0,GL-05;GL-06;GL-07,MVP,1,"limiter: State<GeminiRateLimiter>, supplier_item_id: i64","Result<LaMatchSuggestion, String>"
ai_plausi_check_price,commands.rs,D-2,Lieferanten & LA,KI-Lebenszyklus,plausi_check_price,W,embedding;lookup_unit;recipe_niveau_eignung;recipes;scratch;supplier_items;suppliers;v_active_prices;vocab_sub_rezept_typ;wawi_gp_v2;wawi_la_structured,1,1,0,GL-06;GL-07;GL-11,MVP,0,"limiter: State<GeminiRateLimiter>, supplier_item_id: i64","Result<PricePlausiResult, String>"
ai_rank_las_for_term,commands.rs,D-2,Lieferanten & LA,KI-Lebenszyklus,rank_las_for_term,R,lookup_unit;stamm_lieferant;supplier_items;suppliers;v_active_prices;wawi_la_structured,1,1,0,GL-06;GL-07,MVP,1,"limiter: State<GeminiRateLimiter>, term: String","Result<TermLaSuggestion, String>"
recompute_all_lead_las,commands.rs,D-2,Lieferanten & LA,Spezial,recompute_all_lead_las,R,wawi_gp_v2;wawi_la_structured,0,0,0,GL-02;GL-03,MVP,1,,"Result<i64, String>"
remove_stamm_lieferant,commands.rs,D-2,Lieferanten & LA,Spezial,remove_stamm_lieferant,W,stamm_lieferant;stamm_lieferant_wg,0,0,0,,MVP,0,supplier_id: i64,"Result<(), String>"
set_stamm_lieferant_wg,commands.rs,D-2,Lieferanten & LA,CRUD,stamm_lieferant_wg,W,stamm_lieferant_wg,0,0,0,,MVP,0,"supplier_id: i64, warengruppe: String, covered: bool","Result<(), String>"
list_stamm_lieferanten,commands.rs,D-2,Lieferanten & LA,CRUD,stamm_lieferanten,R,lookup_supplier_type;stamm_lieferant;stamm_lieferant_wg;supplier_items;suppliers;wawi_la_structured,0,0,0,,MVP,0,,"Result<Vec<StammLieferantRow>, String>"
create_supplier,commands.rs,D-2,Lieferanten & LA,CRUD,supplier,W,suppliers,0,0,0,,MVP,0,input: SupplierInput,"Result<i64, String>"
get_supplier,commands.rs,D-2,Lieferanten & LA,CRUD,supplier,R,lookup_country;lookup_supplier_type;suppliers,0,0,0,,MVP,0,id: i64,"Result<SupplierDetail, String>"
update_supplier,commands.rs,D-2,Lieferanten & LA,CRUD,supplier,W,suppliers,0,0,0,,MVP,0,"id: i64, input: SupplierInput","Result<(), String>"
set_supplier_inactive,commands.rs,D-2,Lieferanten & LA,CRUD,supplier_inactive,W,suppliers,0,0,0,,MVP,0,"id: i64, inactive: bool","Result<(), String>"
create_supplier_item,commands.rs,D-2,Lieferanten & LA,CRUD,supplier_item,W,supplier_items,0,0,0,,MVP,0,input: SupplierItemInput,"Result<i64, String>"
delete_supplier_item,commands.rs,D-2,Lieferanten & LA,CRUD,supplier_item,W,allergens;declarations;nutritional;prices;supplier_items;wawi_la_structured,0,0,0,,MVP,0,id: i64,"Result<(), String>"
get_supplier_item,commands.rs,D-2,Lieferanten & LA,CRUD,supplier_item,R,lookup_unit;supplier_items;suppliers;v_active_prices;wawi_gp_v2;wawi_la_structured,0,0,0,,MVP,0,id: i64,"Result<SupplierItemDetail, String>"
update_supplier_item,commands.rs,D-2,Lieferanten & LA,CRUD,supplier_item,W,supplier_items,0,0,0,,MVP,0,"id: i64, input: SupplierItemInput","Result<(), String>"
set_supplier_item_discontinued,commands.rs,D-2,Lieferanten & LA,CRUD,supplier_item_discontinued,W,supplier_items,0,0,0,,MVP,0,"supplier_item_id: i64, is_discontinued: bool","Result<(), String>"
list_supplier_items,commands.rs,D-2,Lieferanten & LA,CRUD,supplier_items,R,lookup_unit;supplier_items;v_active_prices;wawi_gp_v2;wawi_la_structured,0,0,0,,MVP,0,"supplier_id: i64, search: Option<String>, only_active: Option<bool>, limit: Option<i64>","Result<Vec<SupplierItemRow>, String>"
search_supplier_items_global,commands.rs,D-2,Lieferanten & LA,CRUD,supplier_items_global,R,lookup_unit;stamm_lieferant;supplier_items;suppliers;v_active_prices;wawi_gp_v2;wawi_la_structured,0,0,0,,MVP,0,"query: String, only_active: Option<bool>, stamm_only: Option<bool>, limit: Option<i64>","Result<Vec<GlobalSupplierItemRow>, String>"
get_supplier_stamm,commands.rs,D-2,Lieferanten & LA,CRUD,supplier_stamm,R,stamm_lieferant;stamm_lieferant_wg,0,0,0,,MVP,0,supplier_id: i64,"Result<SupplierStammInfo, String>"
list_supplier_types,commands.rs,D-2,Lieferanten & LA,CRUD,supplier_types,R,lookup_supplier_type,0,0,0,,MVP,0,,"Result<Vec<LookupItem>, String>"
list_suppliers,commands.rs,D-2,Lieferanten & LA,CRUD,suppliers,R,lookup_supplier_type;supplier_items;suppliers;wawi_la_structured,0,0,0,,MVP,0,include_inactive: Option<bool>,"Result<Vec<SupplierSummary>, String>"
unlink_la_from_gp,commands.rs,D-2,Lieferanten & LA,Spezial,unlink_la_from_gp,W,wawi_gp_v2;wawi_la_structured,0,0,0,,MVP,1,supplier_item_id: i64,"Result<(), String>"
list_unmapped_las,commands.rs,D-2,Lieferanten & LA,CRUD,unmapped_las,R,supplier_items;suppliers;wawi_la_structured,0,0,0,,MVP,0,limit: Option<i64>,"Result<Vec<UnmappedLa>, String>"
create_derivat_gp,commands.rs,D-3,Grundprodukte,CRUD,derivat_gp,W,wawi_gp_v2,0,0,0,,MVP,0,input: CreateDerivatInput,"Result<i64, String>"
list_distinct_formen,commands.rs,D-3,Grundprodukte,CRUD,distinct_formen,R,wawi_gp_v2,0,0,0,,MVP,0,,"Result<Vec<String>, String>"
list_distinct_verarbeitungen,commands.rs,D-3,Grundprodukte,CRUD,distinct_verarbeitungen,R,wawi_gp_v2,0,0,0,,MVP,0,,"Result<Vec<String>, String>"
ai_infer_fertigungstiefe,commands.rs,D-3,Grundprodukte,KI-Lebenszyklus,fertigungstiefe,R,recipe_ingredients;recipes;wawi_gp_v2,1,1,0,GL-06;GL-07,MVP,1,"limiter: State<GeminiRateLimiter>, recipe_id: i64","Result<FertigungstiefeSuggestion, String>"
ai_fill_template,commands.rs,D-3,Grundprodukte,KI-Lebenszyklus,fill_template,R,recipe_ingredients;recipes;vocab_einheit;wawi_gp_v2,1,0,0,GL-07,MVP,1,"limiter: State<GeminiRateLimiter>, template_recipe_id: i64, variant: String, diaet_tags: Option<Vec<String>>, niveau: Option<String>","Result<Vec<crate::models::TemplateSlotFill>, String>"
ai_suggest_geschmacksrichtung,commands.rs,D-3,Grundprodukte,KI-Lebenszyklus,geschmacksrichtung,W,recipe_hauptgruppen;recipe_ingredients;recipe_kategorien;recipes;wawi_gp_v2,1,1,0,GL-06;GL-07,MVP,1,"limiter: State<GeminiRateLimiter>, recipe_id: i64","Result<GeschmacksrichtungSuggestion, String>"
ai_suggest_gp,commands.rs,D-3,Grundprodukte,KI-Lebenszyklus,gp,R,,1,1,0,GL-06;GL-07,MVP,0,"limiter: State<GeminiRateLimiter>, la_text: String","Result<GpSuggestion, String>"
create_gp,commands.rs,D-3,Grundprodukte,CRUD,gp,W,wawi_gp_v2,0,0,0,,MVP,0,"limiter: State<GeminiRateLimiter>, input: GpInput","Result<i64, String>"
delete_gp,commands.rs,D-3,Grundprodukte,CRUD,gp,W,recipe_ingredients;wawi_gp_v2;wawi_la_structured,0,0,0,,MVP,0,gp_v2_id: i64,"Result<(), String>"
get_gp,commands.rs,D-3,Grundprodukte,CRUD,gp,R,suppliers;vocab_einheit;vocab_food_domain;wawi_gp_secondary_food_domains;wawi_gp_v2,0,0,0,,MVP,0,gp_v2_id: i64,"Result<GpDetail, String>"
update_gp,commands.rs,D-3,Grundprodukte,CRUD,gp,R,recipe_ingredients;wawi_gp_v2,0,0,0,,MVP,0,"gp_v2_id: i64, input: GpInput","Result<(), String>"
get_gp_aggregated_allergens,commands.rs,D-3,Grundprodukte,CRUD,gp_aggregated_allergens,R,allergens;wawi_gp_v2;wawi_la_structured,0,0,0,GL-01,MVP,0,gp_v2_id: i64,"Result<GpAggregatedAllergens, String>"
get_gp_aggregated_nutritional,commands.rs,D-3,Grundprodukte,CRUD,gp_aggregated_nutritional,R,nutritional;wawi_la_structured,0,0,0,GL-08,MVP,0,gp_v2_id: i64,"Result<GpAggregatedNutritional, String>"
get_gp_aggregated_zusatzstoffe,commands.rs,D-3,Grundprodukte,CRUD,gp_aggregated_zusatzstoffe,R,declarations;wawi_la_structured,0,0,0,GL-09,MVP,0,gp_v2_id: i64,"Result<GpAggregatedZusatzstoffe, String>"
accept_gp_allergens,commands.rs,D-3,Grundprodukte,KI-Lebenszyklus,gp_allergens,W,ai_call_log;recipe_ingredients;wawi_gp_v2,0,0,0,GL-01;GL-07,MVP,0,input: AcceptAllergenInput,"Result<AcceptAllergenResult, String>"
ai_infer_gp_allergens,commands.rs,D-3,Grundprodukte,KI-Lebenszyklus,gp_allergens,R,allergens;wawi_gp_v2;wawi_la_structured,1,1,0,GL-01;GL-06;GL-07,MVP,0,"limiter: State<GeminiRateLimiter>, gp_v2_id: i64","Result<AllergenSuggestion, String>"
clear_gp_allergens,commands.rs,D-3,Grundprodukte,KI-Lebenszyklus,gp_allergens,R,lookup_country;recipe_ingredients;supplier_items;wawi_gp_v2;wawi_la_structured,0,0,0,GL-01;GL-07,MVP,0,gp_v2_id: i64,"Result<AcceptAllergenResult, String>"
reject_gp_allergens,commands.rs,D-3,Grundprodukte,KI-Lebenszyklus,gp_allergens,W,ai_call_log,0,0,0,GL-01;GL-07,MVP,0,call_log_id: i64,"Result<(), String>"
delete_gp_count_unit,commands.rs,D-3,Grundprodukte,CRUD,gp_count_unit,W,wawi_gp_count_unit_defaults,0,0,0,,MVP,0,id: i64,"Result<(), String>"
set_gp_count_unit,commands.rs,D-3,Grundprodukte,CRUD,gp_count_unit,W,wawi_gp_count_unit_defaults;wawi_gp_v2,0,0,0,,MVP,0,input: SetGpCountUnitInput,"Result<i64, String>"
ai_suggest_gp_count_units,commands.rs,D-3,Grundprodukte,KI-Lebenszyklus,gp_count_units,R,vocab_einheit;wawi_gp_v2,1,1,0,GL-06;GL-07,MVP,0,"limiter: State<GeminiRateLimiter>, gp_v2_id: i64","Result<GpCountUnitSuggestion, String>"
list_gp_count_units,commands.rs,D-3,Grundprodukte,CRUD,gp_count_units,R,recipe_ingredients;vocab_einheit;wawi_gp_count_unit_defaults,0,0,0,,MVP,0,gp_v2_id: i64,"Result<Vec<GpCountUnit>, String>"
accept_gp_domain,commands.rs,D-3,Grundprodukte,KI-Lebenszyklus,gp_domain,W,ai_call_log;vocab_food_domain;wawi_gp_secondary_food_domains;wawi_gp_v2,0,0,0,GL-07,MVP,0,input: AcceptGpDomainInput,"Result<AcceptGpDomainResult, String>"
ai_infer_gp_domain,commands.rs,D-3,Grundprodukte,KI-Lebenszyklus,gp_domain,R,vocab_food_domain;wawi_gp_v2,1,1,0,GL-06;GL-07,MVP,0,"limiter: State<GeminiRateLimiter>, gp_v2_id: i64","Result<GpDomainSuggestion, String>"
clear_gp_domain,commands.rs,D-3,Grundprodukte,KI-Lebenszyklus,gp_domain,W,wawi_gp_secondary_food_domains;wawi_gp_v2,0,0,0,GL-07,MVP,0,gp_v2_id: i64,"Result<AcceptGpDomainResult, String>"
reject_gp_domain,commands.rs,D-3,Grundprodukte,KI-Lebenszyklus,gp_domain,W,ai_call_log,0,0,0,GL-07,MVP,0,call_log_id: i64,"Result<(), String>"
get_gp_linked_las,commands.rs,D-3,Grundprodukte,CRUD,gp_linked_las,R,lookup_unit;supplier_items;suppliers;v_active_prices;wawi_gp_v2;wawi_la_structured,0,0,0,,MVP,0,gp_v2_id: i64,"Result<Vec<GpLinkedLa>, String>"
set_gp_status,commands.rs,D-3,Grundprodukte,CRUD,gp_status,R,wawi_gp_v2,0,0,0,,MVP,0,"gp_v2_id: i64, status: String, reviewer_note: Option<String>","Result<(), String>"
accept_gp_suggestion,commands.rs,D-3,Grundprodukte,KI-Lebenszyklus,gp_suggestion,W,ai_call_log;wawi_gp_v2;wawi_la_structured,0,0,0,GL-07,MVP,0,input: AcceptGpSuggestionInput,"Result<i64, String>"
reject_gp_suggestion,commands.rs,D-3,Grundprodukte,KI-Lebenszyklus,gp_suggestion,W,ai_call_log;allergens;supplier_items;wawi_la_structured,0,0,0,GL-07,MVP,0,call_log_id: i64,"Result<(), String>"
accept_gp_tags,commands.rs,D-3,Grundprodukte,KI-Lebenszyklus,gp_tags,W,ai_call_log;wawi_gp_v2,0,0,0,GL-07,MVP,0,input: AcceptGpTagsInput,"Result<AcceptGpTagsResult, String>"
ai_infer_gp_tags,commands.rs,D-3,Grundprodukte,KI-Lebenszyklus,gp_tags,R,wawi_gp_v2,1,1,0,GL-06;GL-07,MVP,0,"limiter: State<GeminiRateLimiter>, gp_v2_id: i64","Result<GpTagSuggestion, String>"
clear_gp_tags,commands.rs,D-3,Grundprodukte,KI-Lebenszyklus,gp_tags,R,wawi_gp_v2,0,0,0,GL-07,MVP,0,gp_v2_id: i64,"Result<AcceptGpTagsResult, String>"
reject_gp_tags,commands.rs,D-3,Grundprodukte,KI-Lebenszyklus,gp_tags,W,ai_call_log,0,0,0,GL-07,MVP,0,call_log_id: i64,"Result<(), String>"
list_gps,commands.rs,D-3,Grundprodukte,CRUD,gps,R,allergens;lookup_unit;recipe_ingredients;supplier_items;v_active_prices;wawi_gp_v2;wawi_la_structured,0,0,0,,MVP,0,"search: Option<String>, warengruppe: Option<String>, sub_kategorie: Option<String>, status: Option<String>, gp_v2_id: Option<i64>, limit: Option<i64>","Result<Vec<GpSummary>, String>"
search_gps_for_picker,commands.rs,D-3,Grundprodukte,CRUD,gps_for_picker,R,wawi_gp_v2,0,0,0,,MVP,0,"query: String, include_tentative: bool, limit: Option<i64>","Result<Vec<GpSummary>, String>"
instantiate_template,commands.rs,D-3,Grundprodukte,Spezial,instantiate_template,W,recipe_ingredients;recipes;wawi_gp_v2,0,0,0,,MVP,1,"limiter: State<GeminiRateLimiter>, template_recipe_id: i64, new_name: String, bindings: Vec<InstantiateTemplateBinding>","Result<SubRecipeStubResult, String>"
ai_suggest_las_for_gp,commands.rs,D-3,Grundprodukte,KI-Lebenszyklus,las_for_gp,R,lookup_unit;stamm_lieferant_wg;supplier_items;suppliers;v_active_prices;wawi_gp_v2;wawi_la_structured,1,1,0,GL-06;GL-07,MVP,0,"limiter: State<GeminiRateLimiter>, gp_v2_id: i64","Result<GpLaSuggestion, String>"
search_las_for_gp_link,commands.rs,D-3,Grundprodukte,CRUD,las_for_gp_link,R,lookup_unit;supplier_items;suppliers;v_active_prices;wawi_gp_v2;wawi_la_structured,0,0,0,,MVP,0,"query: String, exclude_gp_v2_id: Option<i64>, limit: Option<i64>","Result<Vec<LaPickerHit>, String>"
merge_gps,commands.rs,D-3,Grundprodukte,Spezial,merge_gps,W,recipe_ingredients;wawi_gp_v2;wawi_la_structured,0,0,0,,MVP,0,"source_gp_v2_id: i64, target_gp_v2_id: i64, reviewer_note: Option<String>","Result<i64, String>"
create_platzhalter_gp,commands.rs,D-3,Grundprodukte,CRUD,platzhalter_gp,W,wawi_gp_v2,0,0,0,,MVP,0,name: String,"Result<i64, String>"
delete_platzhalter_gp,commands.rs,D-3,Grundprodukte,CRUD,platzhalter_gp,W,embedding;recipe_ingredients;wawi_gp_v2,0,0,0,,MVP,0,gp_v2_id: i64,"Result<(), String>"
rename_platzhalter_gp,commands.rs,D-3,Grundprodukte,Spezial,rename_platzhalter_gp,R,wawi_gp_v2,0,0,0,,MVP,0,"gp_v2_id: i64, new_name: String","Result<(), String>"
accept_stk_default_g,commands.rs,D-3,Grundprodukte,KI-Lebenszyklus,stk_default_g,W,ai_call_log;vocab_einheit;wawi_gp_v2,0,0,0,GL-07,MVP,0,input: AcceptStkDefaultInput,"Result<i64, String>"
ai_suggest_stk_default_g,commands.rs,D-3,Grundprodukte,KI-Lebenszyklus,stk_default_g,R,vocab_einheit;wawi_gp_v2,1,1,0,GL-06;GL-07,MVP,1,"limiter: State<GeminiRateLimiter>, gp_v2_id: i64","Result<StkDefaultSuggestion, String>"
clear_stk_default_g,commands.rs,D-3,Grundprodukte,KI-Lebenszyklus,stk_default_g,R,wawi_gp_v2,0,0,0,GL-07,MVP,0,gp_v2_id: i64,"Result<i64, String>"
reject_stk_default_g,commands.rs,D-3,Grundprodukte,KI-Lebenszyklus,stk_default_g,W,ai_call_log,0,0,0,GL-07,MVP,0,call_log_id: i64,"Result<(), String>"
set_stk_default_g_manual,commands.rs,D-3,Grundprodukte,CRUD,stk_default_g_manual,R,wawi_gp_v2,0,0,0,,MVP,0,"gp_v2_id: i64, stk_default_g: Option<f64>","Result<i64, String>"
suggest_sub_kategorie_normalisations,commands.rs,D-3,Grundprodukte,Spezial,suggest_sub_kategorie_normalisations,R,wawi_gp_v2,0,0,0,,MVP,0,warengruppe: String,"Result<Vec<(String, String, i64)>, String>"
list_templates,commands.rs,D-3,Grundprodukte,CRUD,templates,R,recipe_ingredients;recipes;vocab_einheit;vocab_sub_rezept_typ;wawi_gp_v2,0,0,0,,MVP,1,,"Result<Vec<TemplateSummary>, String>"
list_warengruppen,commands.rs,D-3,Grundprodukte,CRUD,warengruppen,R,wawi_gp_v2,0,0,0,,MVP,0,,"Result<Vec<(String, i64)>, String>"
list_warengruppen_const,commands.rs,D-3,Grundprodukte,CRUD,warengruppen_const,R,,0,0,0,,MVP,1,,"Result<Vec<String>, String>"
set_active_ai_layer_version,commands.rs,D-4,KI-Infrastruktur,CRUD,active_ai_layer_version,W,ai_layer;ai_layer_version,0,0,0,,MVP,0,"layer_id: i64, version_id: i64","Result<AiLayerListItem, String>"
create_ai_layer,commands.rs,D-4,KI-Infrastruktur,CRUD,ai_layer,W,ai_layer;ai_layer_version,0,0,0,,MVP,0,input: AiLayerCreateInput,"Result<AiLayerDetail, String>"
delete_ai_layer,commands.rs,D-4,KI-Infrastruktur,CRUD,ai_layer,W,ai_layer,0,0,0,,MVP,0,layer_id: i64,"Result<(), String>"
get_ai_layer,commands.rs,D-4,KI-Infrastruktur,CRUD,ai_layer,R,ai_layer,0,0,0,,MVP,0,layer_id: i64,"Result<AiLayerDetail, String>"
update_ai_layer_meta,commands.rs,D-4,KI-Infrastruktur,CRUD,ai_layer_meta,W,ai_layer,0,0,0,,MVP,0,"layer_id: i64, input: AiLayerMetaInput","Result<AiLayerListItem, String>"
create_ai_layer_version,commands.rs,D-4,KI-Infrastruktur,CRUD,ai_layer_version,W,ai_layer;ai_layer_version,0,0,0,,MVP,0,"layer_id: i64, input: AiLayerVersionInput","Result<AiLayerVersion, String>"
list_ai_layers,commands.rs,D-4,KI-Infrastruktur,CRUD,ai_layers,R,ai_layer;ai_layer_version,0,0,0,,MVP,0,,"Result<Vec<AiLayerListItem>, String>"
ai_call_recency_stats,commands.rs,D-4,KI-Infrastruktur,KI-Lebenszyklus,call_recency_stats,R,ai_call_log,0,0,0,GL-07,MVP,0,,"Result<Vec<crate::models::AiCallRecencyStat>, String>"
dryrun_ai_layer,commands.rs,D-4,KI-Infrastruktur,Spezial,dryrun_ai_layer,W,ai_call_log;ai_layer;ai_layer_version;wawi_gp_v2,1,0,0,,MVP,0,"limiter: State<GeminiRateLimiter>, input: DryrunAiLayerInput","Result<GeminiTestResult, String>"
gemini_get_status,commands.rs,D-4,KI-Infrastruktur,Spezial,gemini_get_status,R,,1,0,0,,MVP,0,,"Result<GeminiStatus, String>"
gemini_set_api_key,commands.rs,D-4,KI-Infrastruktur,Spezial,gemini_set_api_key,R,,0,0,0,,MVP,0,input: GeminiSetKeyInput,"Result<GeminiStatus, String>"
gemini_set_model,commands.rs,D-4,KI-Infrastruktur,Spezial,gemini_set_model,R,,0,0,0,,MVP,0,input: GeminiSetModelInput,"Result<GeminiStatus, String>"
gemini_test_connection,commands.rs,D-4,KI-Infrastruktur,Spezial,gemini_test_connection,R,,1,0,0,,MVP,0,limiter: State<GeminiRateLimiter>,"Result<GeminiTestResult, String>"
resolve_ai_layers,commands.rs,D-4,KI-Infrastruktur,Spezial,resolve_ai_layers,R,,0,1,0,GL-06,MVP,0,input: ResolveLayersInput,"Result<ResolvedLayers, String>"
add_recipe_ingredient,commands.rs,D-5,Basisrezepte,Spezial,add_recipe_ingredient,W,recipe_ingredients,0,0,0,,MVP,0,"recipe_id: i64, input: RecipeIngredientInput","Result<AddIngredientResult, String>"
apply_recipe_review_change,commands.rs,D-5,Basisrezepte,Spezial,apply_recipe_review_change,W,recipe_ingredients,0,0,0,,MVP,0,input: ApplyReviewChangeInput,"Result<(), String>"
list_bulk_pending_recipes,commands.rs,D-5,Basisrezepte,CRUD,bulk_pending_recipes,R,recipes,0,0,0,,MVP,0,,"Result<Vec<(i64, String)>, String>"
ai_describe_recipe,commands.rs,D-5,Basisrezepte,KI-Lebenszyklus,describe_recipe,R,recipe_ingredients;recipes;wawi_gp_v2,1,1,0,GL-06;GL-07,MVP,0,"limiter: State<GeminiRateLimiter>, recipe_id: i64","Result<RecipeDescriptionSuggestion, String>"
duplicate_recipe,commands.rs,D-5,Basisrezepte,Spezial,duplicate_recipe,W,recipe_ingredients;recipes,0,0,0,,MVP,0,recipe_id: i64,"Result<i64, String>"
ai_suggest_equipment,commands.rs,D-5,Basisrezepte,KI-Lebenszyklus,equipment,R,recipe_ingredients;recipes;vocab_einheit;vocab_kochequipment;wawi_gp_v2,1,1,0,GL-06;GL-07,MVP,0,"limiter: State<GeminiRateLimiter>, recipe_id: i64","Result<crate::models::EquipmentSuggestion, String>"
ai_extract_recipe,commands.rs,D-5,Basisrezepte,KI-Lebenszyklus,extract_recipe,R,,1,1,1,GL-06;GL-07;GL-13,MVP,0,"limiter: State<GeminiRateLimiter>, input: AiExtractRecipeInput","Result<RecipeProposal, String>"
accept_fertigungstiefe,commands.rs,D-5,Basisrezepte,KI-Lebenszyklus,fertigungstiefe,W,ai_call_log;recipes,0,0,0,GL-07,MVP,0,input: AcceptFertigungstiefeInput,"Result<i64, String>"
delete_generator_stub,commands.rs,D-5,Basisrezepte,CRUD,generator_stub,W,recipe_ingredients;recipes,0,0,0,,MVP,0,recipe_id: i64,"Result<(), String>"
set_ingredient_rolle,commands.rs,D-5,Basisrezepte,CRUD,ingredient_rolle,W,recipe_ingredients,0,0,0,,MVP,0,"recipe_ingredient_id: i64, rolle: Option<String>","Result<(), String>"
inspect_subrecipe_link,commands.rs,D-5,Basisrezepte,Spezial,inspect_subrecipe_link,R,,0,0,0,,MVP,0,"parent_recipe_id: i64, sub_recipe_id: i64","Result<SubrecipeLinkInfo, String>"
match_single_ingredient,commands.rs,D-5,Basisrezepte,Spezial,match_single_ingredient,R,,0,0,0,GL-04,MVP,0,"name: String, hauptzutat_slug: Option<String>, prefer_sub_recipe: Option<bool>, variant_pref: Option<String>","Result<IngredientMatchResult, String>"
ai_generate_recipe,commands.rs,D-5,Basisrezepte,KI-Lebenszyklus,recipe,R,recipe_ingredients;recipes;wawi_gp_v2,1,1,1,GL-06;GL-07;GL-13,MVP,0,"limiter: State<GeminiRateLimiter>, input: AiGenerateRecipeInput","Result<RecipeProposal, String>"
create_recipe,commands.rs,D-5,Basisrezepte,CRUD,recipe,W,recipe_kategorien;recipes,0,0,0,,MVP,0,input: RecipeInput,"Result<i64, String>"
delete_recipe,commands.rs,D-5,Basisrezepte,CRUD,recipe,W,recipe_ingredients;recipes,0,0,0,,MVP,0,recipe_id: i64,"Result<(), String>"
get_recipe,commands.rs,D-5,Basisrezepte,CRUD,recipe,R,aufschlagsklassen;recipe_hauptgruppen;recipe_kategorien;recipes;speisen_klassen;vocab_behaelter;vocab_einheit;vocab_regen_geraet;vocab_serviervehikel;vocab_sub_rezept_typ,0,0,0,,MVP,0,recipe_id: i64,"Result<RecipeDetail, String>"
update_recipe,commands.rs,D-5,Basisrezepte,CRUD,recipe,W,recipes,0,0,0,,MVP,0,"recipe_id: i64, input: RecipeInput","Result<(), String>"
recipe_component_suggestions,commands.rs,D-5,Basisrezepte,Spezial,recipe_component_suggestions,R,pairing_anker_edges,0,0,0,,MVP,0,recipe_id: i64,"Result<crate::models::RecipeSuggestions, String>"
recipe_culinary_coherence_compute,commands.rs,D-5,Basisrezepte,Spezial,recipe_culinary_coherence_compute,W,recipe_culinary_coherence,1,0,0,,MVP,0,"limiter: State<GeminiRateLimiter>, recipe_id: i64","Result<crate::models::RecipeCulinaryCoherence, String>"
recipe_culinary_coherence_get,commands.rs,D-5,Basisrezepte,Spezial,recipe_culinary_coherence_get,R,recipe_culinary_coherence,0,0,0,,MVP,0,recipe_id: i64,"Result<Option<crate::models::RecipeCulinaryCoherence>, String>"
accept_recipe_description,commands.rs,D-5,Basisrezepte,KI-Lebenszyklus,recipe_description,W,ai_call_log;recipes,0,0,0,GL-07,MVP,0,input: AcceptRecipeDescriptionInput,"Result<i64, String>"
accept_recipe_eigenschaften,commands.rs,D-5,Basisrezepte,KI-Lebenszyklus,recipe_eigenschaften,W,ai_call_log;recipes,0,0,0,GL-07,MVP,0,input: AcceptRecipeEigenschaftenInput,"Result<i64, String>"
ai_suggest_recipe_eigenschaften,commands.rs,D-5,Basisrezepte,KI-Lebenszyklus,recipe_eigenschaften,R,recipe_ingredients;recipes;wawi_gp_v2,1,1,0,GL-06;GL-07,MVP,0,"limiter: State<GeminiRateLimiter>, recipe_id: i64","Result<RecipeEigenschaftenSuggestion, String>"
get_recipe_equipment,commands.rs,D-5,Basisrezepte,CRUD,recipe_equipment,R,recipe_equipment;vocab_kochequipment,0,0,0,,MVP,0,recipe_id: i64,"Result<Vec<crate::models::RecipeEquipment>, String>"
set_recipe_equipment,commands.rs,D-5,Basisrezepte,CRUD,recipe_equipment,W,recipe_equipment,0,0,0,,MVP,0,"recipe_id: i64, vocab_ids: Vec<i64>","Result<(), String>"
get_recipe_fertigungstiefe,commands.rs,D-5,Basisrezepte,CRUD,recipe_fertigungstiefe,R,recipes,0,0,0,,MVP,0,recipe_id: i64,"Result<Option<String>, String>"
set_recipe_fertigungstiefe,commands.rs,D-5,Basisrezepte,CRUD,recipe_fertigungstiefe,W,recipes,0,0,0,,MVP,0,"recipe_id: i64, stufe: Option<String>","Result<i64, String>"
accept_recipe_garverlust,commands.rs,D-5,Basisrezepte,KI-Lebenszyklus,recipe_garverlust,W,ai_call_log;recipe_ingredients,0,0,0,GL-07,MVP,0,input: crate::models::AcceptRecipeGarverlustInput,"Result<(), String>"
ai_infer_recipe_garverlust,commands.rs,D-5,Basisrezepte,KI-Lebenszyklus,recipe_garverlust,R,recipe_ingredients;recipes;vocab_einheit;wawi_gp_v2,1,1,0,GL-06;GL-07,MVP,0,"limiter: State<GeminiRateLimiter>, recipe_id: i64","Result<crate::models::RecipeGarverlustSuggestion, String>"
reject_recipe_garverlust,commands.rs,D-5,Basisrezepte,KI-Lebenszyklus,recipe_garverlust,W,ai_call_log,0,0,0,GL-07,MVP,0,call_log_id: i64,"Result<(), String>"
create_recipe_hauptgruppe,commands.rs,D-5,Basisrezepte,CRUD,recipe_hauptgruppe,W,recipe_hauptgruppen,0,0,0,,MVP,0,input: RecipeHauptgruppeInput,"Result<i64, String>"
delete_recipe_hauptgruppe,commands.rs,D-5,Basisrezepte,CRUD,recipe_hauptgruppe,W,recipe_hauptgruppen;recipe_kategorien,0,0,0,,MVP,0,hauptgruppe_id: i64,"Result<(), String>"
update_recipe_hauptgruppe,commands.rs,D-5,Basisrezepte,CRUD,recipe_hauptgruppe,W,recipe_hauptgruppen,0,0,0,,MVP,0,"hauptgruppe_id: i64, input: RecipeHauptgruppeInput","Result<(), String>"
list_recipe_hauptgruppen,commands.rs,D-5,Basisrezepte,CRUD,recipe_hauptgruppen,R,recipe_hauptgruppen;recipe_kategorien;recipes,0,0,0,,MVP,0,,"Result<Vec<RecipeHauptgruppe>, String>"
delete_recipe_ingredient,commands.rs,D-5,Basisrezepte,CRUD,recipe_ingredient,W,recipe_ingredients,0,0,0,,MVP,0,ingredient_id: i64,"Result<(), String>"
update_recipe_ingredient,commands.rs,D-5,Basisrezepte,CRUD,recipe_ingredient,W,recipe_ingredients,0,0,0,,MVP,0,"ingredient_id: i64, input: RecipeIngredientInput","Result<UpdateIngredientResult, String>"
get_recipe_ingredients,commands.rs,D-5,Basisrezepte,CRUD,recipe_ingredients,R,lookup_unit;prices;recipe_ingredients;recipes;supplier_items;vocab_einheit;wawi_gp_count_unit_defaults;wawi_gp_v2;wawi_la_structured,0,0,0,,MVP,0,recipe_id: i64,"Result<Vec<RecipeIngredient>, String>"
ai_classify_recipe_kategorie,commands.rs,D-5,Basisrezepte,KI-Lebenszyklus,recipe_kategorie,R,recipe_hauptgruppen;recipe_ingredients;recipe_kategorien;recipes;wawi_gp_v2,1,1,0,GL-06;GL-07,MVP,0,"limiter: State<GeminiRateLimiter>, recipe_id: i64","Result<RecipeKategorieSuggestion, String>"
accept_recipe_name,commands.rs,D-5,Basisrezepte,KI-Lebenszyklus,recipe_name,W,recipes,0,0,0,GL-07,MVP,0,"recipe_id: i64, name: String","Result<(), String>"
ai_normalize_recipe_name,commands.rs,D-5,Basisrezepte,KI-Lebenszyklus,recipe_name,R,recipe_hauptgruppen;recipe_ingredients;recipe_kategorien;recipes;speisen_hauptgruppen;speisen_klassen;wawi_gp_v2,1,1,0,GL-06;GL-07,MVP,0,"limiter: State<GeminiRateLimiter>, name: String, recipe_id: Option<i64>","Result<RecipeNameSuggestion, String>"
accept_recipe_niveau,commands.rs,D-5,Basisrezepte,KI-Lebenszyklus,recipe_niveau,W,ai_call_log;recipe_niveau_eignung,0,0,0,GL-07,MVP,0,input: crate::models::AcceptRecipeNiveauInput,"Result<(), String>"
ai_infer_recipe_niveau,commands.rs,D-5,Basisrezepte,KI-Lebenszyklus,recipe_niveau,R,recipe_ingredients;recipes;vocab_niveau;wawi_gp_v2,1,1,0,GL-06;GL-07,MVP,0,"limiter: State<GeminiRateLimiter>, recipe_id: i64","Result<crate::models::RecipeNiveauSuggestion, String>"
clear_recipe_niveau,commands.rs,D-5,Basisrezepte,KI-Lebenszyklus,recipe_niveau,W,recipe_niveau_eignung,0,0,0,GL-07,MVP,0,recipe_id: i64,"Result<(), String>"
list_recipe_niveau,commands.rs,D-5,Basisrezepte,CRUD,recipe_niveau,R,recipe_niveau_eignung;vocab_niveau,0,0,0,,MVP,0,recipe_id: i64,"Result<Vec<crate::models::RecipeNiveauEignung>, String>"
reject_recipe_niveau,commands.rs,D-5,Basisrezepte,KI-Lebenszyklus,recipe_niveau,W,ai_call_log,0,0,0,GL-07,MVP,0,call_log_id: i64,"Result<(), String>"
set_recipe_niveau,commands.rs,D-5,Basisrezepte,CRUD,recipe_niveau,W,recipe_niveau_eignung;vocab_niveau,0,0,0,,MVP,0,"recipe_id: i64, niveau_slug: String","Result<(), String>"
get_recipe_parents,commands.rs,D-5,Basisrezepte,CRUD,recipe_parents,R,recipe_ingredients;recipes,0,0,0,,MVP,0,recipe_id: i64,"Result<Vec<RecipeParentRef>, String>"
recipe_plate_suggestion_compute,commands.rs,D-5,Basisrezepte,Spezial,recipe_plate_suggestion_compute,W,recipe_plate_suggestion,1,0,0,,MVP,0,"limiter: State<GeminiRateLimiter>, recipe_id: i64","Result<crate::models::RecipePlateSuggestion, String>"
recipe_plate_suggestion_get,commands.rs,D-5,Basisrezepte,Spezial,recipe_plate_suggestion_get,R,recipe_plate_suggestion,0,0,0,,MVP,0,recipe_id: i64,"Result<Option<crate::models::RecipePlateSuggestion>, String>"
accept_recipe_proposal,commands.rs,D-5,Basisrezepte,KI-Lebenszyklus,recipe_proposal,W,ai_call_log;recipe_ingredients;recipes;vocab_einheit,0,0,0,GL-07,MVP,0,input: AcceptRecipeProposalInput,"Result<AcceptRecipeResult, String>"
reject_recipe_proposal,commands.rs,D-5,Basisrezepte,KI-Lebenszyklus,recipe_proposal,W,ai_call_log;recipe_ingredients;recipes,0,0,0,GL-07,MVP,0,call_log_id: i64,"Result<(), String>"
accept_recipe_sektor,commands.rs,D-5,Basisrezepte,KI-Lebenszyklus,recipe_sektor,W,ai_call_log;recipe_sektor_eignung,0,0,0,GL-07,MVP,0,input: crate::models::AcceptRecipeSektorInput,"Result<(), String>"
ai_infer_recipe_sektor,commands.rs,D-5,Basisrezepte,KI-Lebenszyklus,recipe_sektor,R,recipe_ingredients;recipes;vocab_sektor;wawi_gp_v2,1,1,0,GL-06;GL-07,MVP,0,"limiter: State<GeminiRateLimiter>, recipe_id: i64","Result<crate::models::RecipeSektorSuggestion, String>"
clear_recipe_sektor,commands.rs,D-5,Basisrezepte,KI-Lebenszyklus,recipe_sektor,W,recipe_sektor_eignung,0,0,0,GL-07,MVP,0,recipe_id: i64,"Result<(), String>"
list_recipe_sektor,commands.rs,D-5,Basisrezepte,CRUD,recipe_sektor,R,recipe_sektor_eignung;vocab_sektor,0,0,0,,MVP,0,recipe_id: i64,"Result<Vec<crate::models::RecipeSektorEignung>, String>"
reject_recipe_sektor,commands.rs,D-5,Basisrezepte,KI-Lebenszyklus,recipe_sektor,W,ai_call_log,0,0,0,GL-07,MVP,0,call_log_id: i64,"Result<(), String>"
set_recipe_sektor,commands.rs,D-5,Basisrezepte,CRUD,recipe_sektor,W,recipe_sektor_eignung;vocab_sektor,0,0,0,,MVP,0,"recipe_id: i64, sektor_slug: String","Result<(), String>"
set_recipe_status,commands.rs,D-5,Basisrezepte,CRUD,recipe_status,W,recipes,0,0,0,,MVP,0,"recipe_id: i64, status: String, reviewer_note: Option<String>","Result<(), String>"
get_recipe_subtree_depth,commands.rs,D-5,Basisrezepte,CRUD,recipe_subtree_depth,R,,0,0,0,,MVP,0,recipe_id: i64,"Result<i32, String>"
set_recipe_template,commands.rs,D-5,Basisrezepte,CRUD,recipe_template,W,recipes,0,0,0,,MVP,0,"recipe_id: i64, is_template: bool","Result<(), String>"
accept_recipe_zubereitung,commands.rs,D-5,Basisrezepte,KI-Lebenszyklus,recipe_zubereitung,W,ai_call_log;recipes,0,0,0,GL-07,MVP,0,input: AcceptRecipeZubereitungInput,"Result<i64, String>"
list_recipes,commands.rs,D-5,Basisrezepte,CRUD,recipes,R,recipe_hauptgruppen;recipe_ingredients;recipe_kategorien;recipes;vocab_sub_rezept_typ,0,0,0,,MVP,0,"search: Option<String>, kategorie_id: Option<i64>, hauptgruppe_id: Option<i64>, status: Option<String>, ist_verkaufsrezept: Option<i64>, sub_typ_id: Option<i64>, geschmacksrichtung: Option<String>, is_template: Option<i64>, limit: Option<i64>","Result<Vec<RecipeSummary>, String>"
search_recipes_for_picker,commands.rs,D-5,Basisrezepte,CRUD,recipes_for_picker,W,app_settings;recipe_kategorien;recipes,0,0,0,,MVP,0,"query: String, exclude_recipe_id: Option<i64>, limit: Option<i64>","Result<Vec<RecipePickerHit>, String>"
recompute_all_recipes,commands.rs,D-5,Basisrezepte,Spezial,recompute_all_recipes,W,declarations;ing_resolved;recipe_ingredients;recipes;wawi_la_structured,0,0,0,GL-02,MVP,0,,"Result<i64, String>"
remove_recipe_niveau,commands.rs,D-5,Basisrezepte,Spezial,remove_recipe_niveau,W,recipe_niveau_eignung,0,0,0,,MVP,0,"recipe_id: i64, niveau_slug: String","Result<(), String>"
remove_recipe_sektor,commands.rs,D-5,Basisrezepte,Spezial,remove_recipe_sektor,W,recipe_sektor_eignung,0,0,0,,MVP,0,"recipe_id: i64, sektor_slug: String","Result<(), String>"
reorder_recipe_ingredients,commands.rs,D-5,Basisrezepte,Spezial,reorder_recipe_ingredients,W,recipe_ingredients;recipes,0,0,0,,MVP,0,"recipe_id: i64, ordered_ids: Vec<i64>","Result<(), String>"
ai_review_recipe,commands.rs,D-5,Basisrezepte,KI-Lebenszyklus,review_recipe,R,recipe_ingredients;recipes;speisen_klassen;vocab_behaelter;vocab_einheit;wawi_gp_v2,1,1,0,GL-06;GL-07,MVP,0,"limiter: State<GeminiRateLimiter>, recipe_id: i64","Result<RecipeReview, String>"
ai_revise_recipe,commands.rs,D-5,Basisrezepte,KI-Lebenszyklus,revise_recipe,R,recipe_ingredients;recipes;vocab_einheit;wawi_gp_v2,0,0,0,GL-07,MVP,0,"limiter: State<GeminiRateLimiter>, recipe_id: i64, anweisung: String","Result<RecipeProposal, String>"
ai_verteile_rollen,commands.rs,D-5,Basisrezepte,KI-Lebenszyklus,rollen,W,recipe_ingredients;recipes;vocab_einheit;wawi_gp_v2,1,1,0,GL-06;GL-07,MVP,0,"limiter: State<GeminiRateLimiter>, recipe_id: i64","Result<RollenVerteilungResult, String>"
create_sub_recipe_stub,commands.rs,D-5,Basisrezepte,CRUD,sub_recipe_stub,W,recipes;vocab_sub_rezept_typ,0,0,0,,MVP,0,"limiter: State<GeminiRateLimiter>, name: String, sub_rezept_typ: Option<String>","Result<SubRecipeStubResult, String>"
accept_sub_rezept_typ,commands.rs,D-5,Basisrezepte,KI-Lebenszyklus,sub_rezept_typ,W,ai_call_log;recipes;vocab_sub_rezept_typ,0,0,0,GL-07,MVP,0,input: AcceptSubRezeptTypInput,"Result<i64, String>"
ai_infer_sub_rezept_typ,commands.rs,D-5,Basisrezepte,KI-Lebenszyklus,sub_rezept_typ,R,recipe_ingredients;recipes;vocab_sub_rezept_typ;wawi_gp_v2,1,1,0,GL-06;GL-07,MVP,0,"limiter: State<GeminiRateLimiter>, recipe_id: i64","Result<SubRezeptTypSuggestion, String>"
clear_sub_rezept_typ,commands.rs,D-5,Basisrezepte,KI-Lebenszyklus,sub_rezept_typ,W,recipes,0,0,0,GL-07,MVP,0,recipe_id: i64,"Result<i64, String>"
reject_sub_rezept_typ,commands.rs,D-5,Basisrezepte,KI-Lebenszyklus,sub_rezept_typ,W,ai_call_log,0,0,0,GL-07,MVP,0,call_log_id: i64,"Result<(), String>"
list_sub_rezept_typen,commands.rs,D-5,Basisrezepte,CRUD,sub_rezept_typen,R,vocab_sub_rezept_typ,0,0,0,,MVP,0,,"Result<Vec<VocabSubRezeptTyp>, String>"
add_recipe_customer_name,commands.rs,D-6,Verkaufsrezepte,Spezial,add_recipe_customer_name,W,recipe_customer_names,0,0,0,,MVP,1,"recipe_id: i64, input: RecipeCustomerNameInput","Result<i64, String>"
create_aufschlagsklasse,commands.rs,D-6,Verkaufsrezepte,CRUD,aufschlagsklasse,W,aufschlagsklassen,0,0,0,,MVP,0,"code: String, bezeichnung: String, rohaufschlag_pct: f64, bedienung_pct: f64, profit_pct: f64, mwst_satz: f64, formel_typ: String, note: Option<String>","Result<i64, String>"
delete_aufschlagsklasse,commands.rs,D-6,Verkaufsrezepte,CRUD,aufschlagsklasse,W,aufschlagsklassen,0,0,0,,MVP,0,aufschlagsklasse_id: i64,"Result<(), String>"
update_aufschlagsklasse,commands.rs,D-6,Verkaufsrezepte,CRUD,aufschlagsklasse,W,aufschlagsklassen,0,0,0,,MVP,0,"aufschlagsklasse_id: i64, bezeichnung: String, rohaufschlag_pct: f64, bedienung_pct: f64, profit_pct: f64, mwst_satz: f64, formel_typ: String, note: Option<String>","Result<(), String>"
list_aufschlagsklassen,commands.rs,D-6,Verkaufsrezepte,CRUD,aufschlagsklassen,R,aufschlagsklassen,0,0,0,,MVP,0,,"Result<Vec<Aufschlagsklasse>, String>"
accept_behaelter,commands.rs,D-6,Verkaufsrezepte,KI-Lebenszyklus,behaelter,W,recipes,0,0,0,GL-07,MVP,0,input: crate::models::AcceptBehaelterInput,"Result<i64, String>"
ai_suggest_behaelter,commands.rs,D-6,Verkaufsrezepte,KI-Lebenszyklus,behaelter,R,recipe_ingredients;recipes;speisen_klassen;vocab_behaelter;vocab_einheit;wawi_gp_v2,1,1,0,GL-06;GL-07,MVP,0,"limiter: State<GeminiRateLimiter>, recipe_id: i64","Result<crate::models::BehaelterSuggestion, String>"
list_distinct_customer_names,commands.rs,D-6,Verkaufsrezepte,CRUD,distinct_customer_names,R,recipe_customer_names,0,0,0,,MVP,0,,"Result<Vec<String>, String>"
ai_generate_marketing,commands.rs,D-6,Verkaufsrezepte,KI-Lebenszyklus,marketing,R,recipe_ingredients;recipes;schreibstile;speisen_klassen;wawi_gp_v2,1,1,0,GL-06;GL-07,MVP,0,"limiter: State<GeminiRateLimiter>, recipe_id: i64, schreibstil_id: Option<i64>","Result<crate::models::MarketingTextSuggestion, String>"
accept_marketing_text,commands.rs,D-6,Verkaufsrezepte,KI-Lebenszyklus,marketing_text,W,recipes,0,0,0,GL-07,MVP,0,input: crate::models::AcceptMarketingTextInput,"Result<i64, String>"
delete_recipe_customer_name,commands.rs,D-6,Verkaufsrezepte,CRUD,recipe_customer_name,W,recipe_customer_names,0,0,0,,MVP,1,id: i64,"Result<(), String>"
update_recipe_customer_name,commands.rs,D-6,Verkaufsrezepte,CRUD,recipe_customer_name,W,recipe_customer_names,0,0,0,,MVP,1,"id: i64, input: RecipeCustomerNameInput","Result<(), String>"
list_recipe_customer_names,commands.rs,D-6,Verkaufsrezepte,CRUD,recipe_customer_names,R,recipe_customer_names,0,0,0,,MVP,1,recipe_id: i64,"Result<Vec<RecipeCustomerName>, String>"
accept_regeneration,commands.rs,D-6,Verkaufsrezepte,KI-Lebenszyklus,regeneration,W,recipes,0,0,0,GL-07,MVP,0,input: crate::models::AcceptRegenerationInput,"Result<i64, String>"
ai_suggest_regeneration,commands.rs,D-6,Verkaufsrezepte,KI-Lebenszyklus,regeneration,R,recipe_ingredients;recipes;speisen_klassen;vocab_einheit;vocab_regen_geraet;wawi_gp_v2,1,1,0,GL-06;GL-07,MVP,0,"limiter: State<GeminiRateLimiter>, recipe_id: i64","Result<crate::models::RegenerationSuggestion, String>"
create_schreibstil,commands.rs,D-6,Verkaufsrezepte,CRUD,schreibstil,W,schreibstile,0,0,0,,MVP,0,input: crate::models::SchreibstilInput,"Result<i64, String>"
delete_schreibstil,commands.rs,D-6,Verkaufsrezepte,CRUD,schreibstil,W,schreibstile,0,0,0,,MVP,0,schreibstil_id: i64,"Result<(), String>"
update_schreibstil,commands.rs,D-6,Verkaufsrezepte,CRUD,schreibstil,W,schreibstile,0,0,0,,MVP,0,"schreibstil_id: i64, input: crate::models::SchreibstilInput","Result<(), String>"
set_schreibstil_inactive,commands.rs,D-6,Verkaufsrezepte,CRUD,schreibstil_inactive,W,schreibstile,0,0,0,,MVP,0,"schreibstil_id: i64, is_inactive: bool","Result<(), String>"
list_schreibstile,commands.rs,D-6,Verkaufsrezepte,CRUD,schreibstile,R,schreibstile,0,0,0,,MVP,0,include_inactive: Option<bool>,"Result<Vec<crate::models::Schreibstil>, String>"
accept_servier_vehikel,commands.rs,D-6,Verkaufsrezepte,KI-Lebenszyklus,servier_vehikel,W,recipes,0,0,0,GL-07,MVP,0,input: crate::models::AcceptServierVehikelInput,"Result<i64, String>"
ai_suggest_servier_vehikel,commands.rs,D-6,Verkaufsrezepte,KI-Lebenszyklus,servier_vehikel,R,recipe_ingredients;recipes;speisen_klassen;vocab_serviervehikel;wawi_gp_v2,1,1,0,GL-06;GL-07,MVP,0,"limiter: State<GeminiRateLimiter>, recipe_id: i64","Result<crate::models::ServierVehikelSuggestion, String>"
create_speisen_hauptgruppe,commands.rs,D-6,Verkaufsrezepte,CRUD,speisen_hauptgruppe,W,speisen_hauptgruppen,0,0,0,,MVP,0,"code: String, bezeichnung: String, sort_order: Option<i64>","Result<i64, String>"
delete_speisen_hauptgruppe,commands.rs,D-6,Verkaufsrezepte,CRUD,speisen_hauptgruppe,W,speisen_hauptgruppen,0,0,0,,MVP,0,hauptgruppe_id: i64,"Result<(), String>"
update_speisen_hauptgruppe,commands.rs,D-6,Verkaufsrezepte,CRUD,speisen_hauptgruppe,W,speisen_hauptgruppen,0,0,0,,MVP,0,"hauptgruppe_id: i64, code: String, bezeichnung: String, sort_order: Option<i64>","Result<(), String>"
list_speisen_hauptgruppen,commands.rs,D-6,Verkaufsrezepte,CRUD,speisen_hauptgruppen,R,speisen_hauptgruppen;speisen_klassen,0,0,0,,MVP,0,,"Result<Vec<SpeisenHauptgruppe>, String>"
accept_speisen_klasse,commands.rs,D-6,Verkaufsrezepte,KI-Lebenszyklus,speisen_klasse,W,recipes,0,0,0,GL-07,MVP,0,input: crate::models::AcceptSpeisenKlasseInput,"Result<i64, String>"
ai_classify_speisen_klasse,commands.rs,D-6,Verkaufsrezepte,KI-Lebenszyklus,speisen_klasse,R,recipe_ingredients;recipes;speisen_hauptgruppen;speisen_klassen;wawi_gp_v2,1,1,0,GL-06;GL-07,MVP,0,"limiter: State<GeminiRateLimiter>, recipe_id: i64","Result<crate::models::SpeisenKlasseSuggestion, String>"
create_speisen_klasse,commands.rs,D-6,Verkaufsrezepte,CRUD,speisen_klasse,W,speisen_klassen,0,0,0,,MVP,0,"hauptgruppe_id: Option<i64>, code: String, bezeichnung: String, diaetform: String, default_aufschlagsklasse_id: Option<i64>, is_vegi: bool, is_vegan: bool, is_halal: bool, is_koscher: bool, note: Option<String>","Result<i64, String>"
delete_speisen_klasse,commands.rs,D-6,Verkaufsrezepte,CRUD,speisen_klasse,W,speisen_klassen,0,0,0,,MVP,0,klasse_id: i64,"Result<(), String>"
list_speisen_klassen,commands.rs,D-6,Verkaufsrezepte,CRUD,speisen_klassen,R,recipes;speisen_hauptgruppen;speisen_klassen,0,0,0,,MVP,0,,"Result<Vec<SpeisenKlasse>, String>"
accept_vk_wording,commands.rs,D-6,Verkaufsrezepte,KI-Lebenszyklus,vk_wording,W,recipes,0,0,0,GL-07,MVP,0,input: crate::models::AcceptVkWordingInput,"Result<i64, String>"
ai_suggest_vk_wording,commands.rs,D-6,Verkaufsrezepte,KI-Lebenszyklus,vk_wording,R,recipe_ingredients;recipes;schreibstile;speisen_klassen;wawi_gp_v2,1,1,0,GL-06;GL-07,MVP,0,"limiter: State<GeminiRateLimiter>, recipe_id: i64, schreibstil_id: Option<i64>","Result<crate::models::VkWordingSuggestion, String>"
create_vocab_behaelter,commands.rs,D-6,Verkaufsrezepte,CRUD,vocab_behaelter,W,vocab_behaelter,0,0,0,,MVP,1,"name: String, gruppe: Option<String>, sort_order: Option<i64>, kapazitaet_kg: Option<f64>","Result<i64, String>"
delete_vocab_behaelter,commands.rs,D-6,Verkaufsrezepte,CRUD,vocab_behaelter,W,recipes;vocab_behaelter,0,0,0,,MVP,1,vocab_id: i64,"Result<(), String>"
list_vocab_behaelter,commands.rs,D-6,Verkaufsrezepte,CRUD,vocab_behaelter,R,vocab_behaelter,0,0,0,,MVP,1,include_inactive: bool,"Result<Vec<VocabBehaelter>, String>"
update_vocab_behaelter,commands.rs,D-6,Verkaufsrezepte,CRUD,vocab_behaelter,W,vocab_behaelter,0,0,0,,MVP,1,"vocab_id: i64, name: String, gruppe: Option<String>, sort_order: Option<i64>, kapazitaet_kg: Option<f64>","Result<(), String>"
set_vocab_behaelter_inactive,commands.rs,D-6,Verkaufsrezepte,CRUD,vocab_behaelter_inactive,W,vocab_behaelter,0,0,0,,MVP,1,"vocab_id: i64, inactive: bool","Result<(), String>"
create_vocab_regen_geraet,commands.rs,D-6,Verkaufsrezepte,CRUD,vocab_regen_geraet,W,vocab_regen_geraet,0,0,0,,MVP,1,"name: String, sort_order: Option<i64>","Result<i64, String>"
delete_vocab_regen_geraet,commands.rs,D-6,Verkaufsrezepte,CRUD,vocab_regen_geraet,W,recipes;vocab_regen_geraet,0,0,0,,MVP,1,vocab_id: i64,"Result<(), String>"
list_vocab_regen_geraet,commands.rs,D-6,Verkaufsrezepte,CRUD,vocab_regen_geraet,R,vocab_regen_geraet,0,0,0,,MVP,1,include_inactive: bool,"Result<Vec<VocabRegenGeraet>, String>"
update_vocab_regen_geraet,commands.rs,D-6,Verkaufsrezepte,CRUD,vocab_regen_geraet,W,vocab_regen_geraet,0,0,0,,MVP,1,"vocab_id: i64, name: String, sort_order: Option<i64>","Result<(), String>"
set_vocab_regen_geraet_inactive,commands.rs,D-6,Verkaufsrezepte,CRUD,vocab_regen_geraet_inactive,W,vocab_regen_geraet,0,0,0,,MVP,1,"vocab_id: i64, inactive: bool","Result<(), String>"
create_vocab_serviervehikel,commands.rs,D-6,Verkaufsrezepte,CRUD,vocab_serviervehikel,W,vocab_serviervehikel,0,0,0,,MVP,1,"name: String, gruppe: Option<String>, sort_order: Option<i64>","Result<i64, String>"
delete_vocab_serviervehikel,commands.rs,D-6,Verkaufsrezepte,CRUD,vocab_serviervehikel,W,recipes;vocab_serviervehikel,0,0,0,,MVP,1,vocab_id: i64,"Result<(), String>"
list_vocab_serviervehikel,commands.rs,D-6,Verkaufsrezepte,CRUD,vocab_serviervehikel,R,vocab_serviervehikel,0,0,0,,MVP,1,include_inactive: bool,"Result<Vec<crate::models::VocabServierVehikel>, String>"
update_vocab_serviervehikel,commands.rs,D-6,Verkaufsrezepte,CRUD,vocab_serviervehikel,W,vocab_serviervehikel,0,0,0,,MVP,1,"vocab_id: i64, name: String, gruppe: Option<String>, sort_order: Option<i64>","Result<(), String>"
set_vocab_serviervehikel_inactive,commands.rs,D-6,Verkaufsrezepte,CRUD,vocab_serviervehikel_inactive,W,vocab_serviervehikel,0,0,0,,MVP,1,"vocab_id: i64, inactive: bool","Result<(), String>"
ai_generate_zubereitung,commands.rs,D-6,Verkaufsrezepte,KI-Lebenszyklus,zubereitung,R,recipe_ingredients;recipes;vocab_behaelter;vocab_einheit;vocab_regen_geraet;wawi_gp_v2,1,1,0,GL-06;GL-07,MVP,1,"limiter: State<GeminiRateLimiter>, recipe_id: i64","Result<RecipeZubereitungSuggestion, String>"
add_recipe_pairing,commands.rs,D-7,Pairing/Flavor-Graph,Spezial,add_recipe_pairing,R,recipe_pairings,0,0,0,GL-10,MVP,1,"recipe_id: i64, anker_vocab_id: i64, typ: Option<String>","Result<(), String>"
set_gp_anker,commands.rs,D-7,Pairing/Flavor-Graph,CRUD,gp_anker,W,einer;gp_anker_mapping,0,0,0,GL-10,MVP,1,"gp_v2_id: i64, anker_vocab_id: i64","Result<(), String>"
accept_gp_ankers,commands.rs,D-7,Pairing/Flavor-Graph,KI-Lebenszyklus,gp_ankers,W,ai_call_log;gp_anker_mapping,0,0,0,GL-07;GL-10,MVP,1,input: AcceptGpAnkersInput,"Result<i64, String>"
ai_infer_gp_ankers,commands.rs,D-7,Pairing/Flavor-Graph,KI-Lebenszyklus,gp_ankers,R,vocab_pairing_anker;wawi_gp_v2,1,1,1,GL-06;GL-07;GL-10;GL-13,MVP,1,"limiter: State<GeminiRateLimiter>, gp_v2_id: i64","Result<GpAnkerSuggestion, String>"
clear_gp_ankers,commands.rs,D-7,Pairing/Flavor-Graph,KI-Lebenszyklus,gp_ankers,W,gp_anker_mapping,0,0,0,GL-07;GL-10,MVP,1,gp_v2_id: i64,"Result<i64, String>"
list_gp_ankers,commands.rs,D-7,Pairing/Flavor-Graph,CRUD,gp_ankers,R,gp_anker_mapping;vocab_pairing_anker,0,0,0,GL-10,MVP,1,gp_v2_id: i64,"Result<Vec<GpAnkerItem>, String>"
reject_gp_ankers,commands.rs,D-7,Pairing/Flavor-Graph,KI-Lebenszyklus,gp_ankers,W,ai_call_log,0,0,0,GL-07;GL-10,MVP,1,call_log_id: i64,"Result<(), String>"
get_gp_pairing_info,commands.rs,D-7,Pairing/Flavor-Graph,CRUD,gp_pairing_info,R,vocab_pairing_anker;wawi_gp_v2,0,0,0,GL-10,MVP,1,gp_v2_id: i64,"Result<GpPairingInfo, String>"
list_pairing_anker,commands.rs,D-7,Pairing/Flavor-Graph,CRUD,pairing_anker,R,vocab_pairing_anker,0,0,0,GL-10,MVP,0,,"Result<Vec<PairingSuggestItem>, String>"
pairing_anker_neighbors,commands.rs,D-7,Pairing/Flavor-Graph,Spezial,pairing_anker_neighbors,R,pairing_anker_edges;vocab_pairing_anker,0,0,0,GL-10,MVP,0,"slug: String, typ_filter: Option<String>, limit: Option<i64>","Result<Vec<crate::models::AnkerNeighbor>, String>"
pairing_bridge,commands.rs,D-7,Pairing/Flavor-Graph,Spezial,pairing_bridge,R,pairing_anker_edges;recipe_pairings;vocab_pairing_anker,0,0,0,GL-10,Phase 2,0,"recipe_a_id: i64, recipe_b_id: i64","Result<crate::models::PairingBridgeResult, String>"
accept_pairings,commands.rs,D-7,Pairing/Flavor-Graph,KI-Lebenszyklus,pairings,W,ai_call_log;recipe_pairings,0,0,0,GL-07;GL-10,MVP,0,input: AcceptPairingsInput,"Result<i64, String>"
ai_suggest_pairings,commands.rs,D-7,Pairing/Flavor-Graph,KI-Lebenszyklus,pairings,R,recipe_ingredients;recipes;vocab_pairing_anker;wawi_gp_v2,1,1,1,GL-06;GL-07;GL-10;GL-13,MVP,0,"limiter: State<GeminiRateLimiter>, recipe_id: i64","Result<PairingSuggestion, String>"
reject_pairings,commands.rs,D-7,Pairing/Flavor-Graph,KI-Lebenszyklus,pairings,W,ai_call_log,0,0,0,GL-07;GL-10,MVP,0,call_log_id: i64,"Result<(), String>"
set_recipe_anker,commands.rs,D-7,Pairing/Flavor-Graph,CRUD,recipe_anker,W,recipe_anker_mapping;z,0,0,0,GL-10,MVP,1,"recipe_id: i64, anker_vocab_id: i64","Result<(), String>"
accept_recipe_ankers,commands.rs,D-7,Pairing/Flavor-Graph,KI-Lebenszyklus,recipe_ankers,W,ai_call_log;recipe_anker_mapping,0,0,0,GL-07;GL-10,MVP,1,input: AcceptRecipeAnkersInput,"Result<i64, String>"
ai_infer_recipe_ankers,commands.rs,D-7,Pairing/Flavor-Graph,KI-Lebenszyklus,recipe_ankers,R,gp_anker_mapping;recipe_anker_mapping;recipe_ingredients;recipes;vocab_pairing_anker,1,1,0,GL-06;GL-07;GL-10,MVP,1,"limiter: State<GeminiRateLimiter>, recipe_id: i64","Result<RecipeAnkerSuggestion, String>"
clear_recipe_ankers,commands.rs,D-7,Pairing/Flavor-Graph,KI-Lebenszyklus,recipe_ankers,W,recipe_anker_mapping,0,0,0,GL-07;GL-10,MVP,1,recipe_id: i64,"Result<i64, String>"
list_recipe_ankers,commands.rs,D-7,Pairing/Flavor-Graph,CRUD,recipe_ankers,R,recipe_anker_mapping;vocab_pairing_anker,0,0,0,GL-10,MVP,1,recipe_id: i64,"Result<Vec<RecipeAnkerItem>, String>"
reject_recipe_ankers,commands.rs,D-7,Pairing/Flavor-Graph,KI-Lebenszyklus,recipe_ankers,W,ai_call_log,0,0,0,GL-07;GL-10,MVP,1,call_log_id: i64,"Result<(), String>"
recipe_cohesion,commands.rs,D-7,Pairing/Flavor-Graph,Spezial,recipe_cohesion,R,pairing_anker_edges;recipe_ingredients;recipes;wawi_gp_v2,0,0,0,GL-10,MVP,1,recipe_id: i64,"Result<crate::models::RecipeCohesion, String>"
recipe_graph,commands.rs,D-7,Pairing/Flavor-Graph,Spezial,recipe_graph,R,pairing_anker_edges;recipe_pairings;recipes;src;vocab_pairing_anker,0,0,0,,MVP,0,"recipe_id: i64, max_related_recipes: Option<i64>, same_type_only: Option<bool>, per_anker_suggestions: Option<i64>","Result<crate::models::RecipeGraphData, String>"
get_recipe_pairings,commands.rs,D-7,Pairing/Flavor-Graph,CRUD,recipe_pairings,R,recipe_pairings;vocab_pairing_anker,0,0,0,GL-10,MVP,1,recipe_id: i64,"Result<Vec<PairingSuggestItem>, String>"
recipes_sharing_pairings,commands.rs,D-7,Pairing/Flavor-Graph,Spezial,recipes_sharing_pairings,R,gp_anker_mapping;recipe_anker_mapping;recipe_ingredients;recipe_pairings;recipe_prozess_anker;recipes;shared;source_anker;target_total;vocab_pairing_anker;wawi_gp_v2,0,0,0,GL-10,Phase 2,1,"recipe_id: i64, min_shared: Option<i64>, limit: Option<i64>","Result<Vec<crate::models::RelatedRecipe>, String>"
remove_gp_anker,commands.rs,D-7,Pairing/Flavor-Graph,Spezial,remove_gp_anker,W,gp_anker_mapping,0,0,0,GL-10,MVP,1,"gp_v2_id: i64, anker_vocab_id: i64","Result<(), String>"
remove_recipe_anker,commands.rs,D-7,Pairing/Flavor-Graph,Spezial,remove_recipe_anker,W,recipe_anker_mapping,0,0,0,GL-10,MVP,1,"recipe_id: i64, anker_vocab_id: i64","Result<(), String>"
remove_recipe_pairing,commands.rs,D-7,Pairing/Flavor-Graph,Spezial,remove_recipe_pairing,W,recipe_pairings,0,0,0,GL-10,MVP,1,"recipe_id: i64, anker_vocab_id: i64","Result<(), String>"
chat_create_conversation,chat.rs,D-8,Foodbook & Chat,Spezial,chat_create_conversation,W,chat_conversations,0,0,0,,Phase 2,0,"state: tauri::State<crate::commands::DbState>, title: Option<String>","Result<i64, String>"
chat_delete_conversation,chat.rs,D-8,Foodbook & Chat,Spezial,chat_delete_conversation,W,chat_conversations,0,0,0,,Phase 2,0,"state: tauri::State<crate::commands::DbState>, conversation_id: i64","Result<(), String>"
chat_list_conversations,chat.rs,D-8,Foodbook & Chat,Spezial,chat_list_conversations,R,chat_conversations;chat_messages,0,0,0,,Phase 2,0,state: tauri::State<crate::commands::DbState>,"Result<Vec<crate::models::ChatConversation>, String>"
chat_list_messages,chat.rs,D-8,Foodbook & Chat,Spezial,chat_list_messages,R,chat_messages,0,0,0,,Phase 2,0,"state: tauri::State<crate::commands::DbState>, conversation_id: i64","Result<Vec<crate::models::ChatMessage>, String>"
chat_send,chat.rs,D-8,Foodbook & Chat,Spezial,chat_send,W,chat_conversations;chat_messages,1,1,0,GL-06,Phase 2,0,"state: tauri::State<crate::commands::DbState>, limiter: tauri::State<GeminiRateLimiter>, conversation_id: Option<i64>, message: String","Result<crate::models::ChatSendResult, String>"
delete_foodbook,commands.rs,D-8,Foodbook & Chat,CRUD,foodbook,W,foodbook,0,0,0,,Phase 2,0,id: i64,"Result<(), String>"
delete_foodbook_block,commands.rs,D-8,Foodbook & Chat,CRUD,foodbook_block,W,foodbook_block,0,0,0,,Phase 2,0,block_id: i64,"Result<(), String>"
list_foodbook_blocks,commands.rs,D-8,Foodbook & Chat,CRUD,foodbook_blocks,R,foodbook_block;foodbook_block_staffel;kombination;recipes,0,0,0,,Phase 2,0,kapitel_id: i64,"Result<Vec<crate::models::FoodbookBlock>, String>"
set_foodbook_blocks_variant_group,commands.rs,D-8,Foodbook & Chat,CRUD,foodbook_blocks_variant_group,W,foodbook_block,0,0,0,,Phase 2,0,"block_ids: Vec<i64>, variant_group_id: Option<i64>","Result<(), String>"
delete_foodbook_kapitel,commands.rs,D-8,Foodbook & Chat,CRUD,foodbook_kapitel,W,foodbook_kapitel,0,0,0,,Phase 2,0,kapitel_id: i64,"Result<(), String>"
foodbook_kapitel_aggregat,commands.rs,D-8,Foodbook & Chat,Spezial,foodbook_kapitel_aggregat,R,foodbook_block;foodbook_kapitel;recipes;subtree,0,0,0,,Phase 2,0,kapitel_id: i64,"Result<crate::models::FoodbookKapitelAggregat, String>"
list_foodbook_tree,commands.rs,D-8,Foodbook & Chat,CRUD,foodbook_tree,R,foodbook_block;foodbook_kapitel;speisen_klassen,0,0,0,,Phase 2,0,foodbook_id: i64,"Result<Vec<crate::models::FoodbookKapitel>, String>"
list_foodbooks,commands.rs,D-8,Foodbook & Chat,CRUD,foodbooks,R,foodbook;foodbook_kapitel,0,0,0,,Phase 2,0,,"Result<Vec<crate::models::Foodbook>, String>"
delete_kombination,commands.rs,D-8,Foodbook & Chat,CRUD,kombination,W,kombination,0,0,0,,Phase 2,0,id: i64,"Result<(), String>"
delete_kombination_block,commands.rs,D-8,Foodbook & Chat,CRUD,kombination_block,W,kombination_block,0,0,0,,Phase 2,0,block_id: i64,"Result<(), String>"
list_kombination_blocks,commands.rs,D-8,Foodbook & Chat,CRUD,kombination_blocks,R,kombination_block;kombination_block_staffel;recipes,0,0,0,,Phase 2,0,kombination_id: i64,"Result<Vec<crate::models::KombinationBlock>, String>"
set_kombination_blocks_variant_group,commands.rs,D-8,Foodbook & Chat,CRUD,kombination_blocks_variant_group,W,kombination_block,0,0,0,,Phase 2,0,"block_ids: Vec<i64>, variant_group_id: Option<i64>","Result<(), String>"
list_kombinationen,commands.rs,D-8,Foodbook & Chat,CRUD,kombinationen,R,kombination;kombination_block;speisen_klassen,0,0,0,,Phase 2,0,,"Result<Vec<crate::models::Kombination>, String>"
move_foodbook_kapitel,commands.rs,D-8,Foodbook & Chat,Spezial,move_foodbook_kapitel,W,foodbook_kapitel,0,0,0,,Phase 2,0,"kapitel_id: i64, new_parent_id: Option<i64>","Result<(), String>"
next_foodbook_variant_group_id,commands.rs,D-8,Foodbook & Chat,Spezial,next_foodbook_variant_group_id,R,foodbook_block;kombination_block;recipes,0,0,0,,Phase 2,0,kapitel_id: i64,"Result<i64, String>"
next_kombination_variant_group_id,commands.rs,D-8,Foodbook & Chat,Spezial,next_kombination_variant_group_id,R,kombination_block,0,0,0,,Phase 2,0,kombination_id: i64,"Result<i64, String>"
ai_plan_dishes,commands.rs,D-8,Foodbook & Chat,KI-Lebenszyklus,plan_dishes,R,,1,1,1,GL-06;GL-07;GL-13,Phase 2,0,"limiter: State<GeminiRateLimiter>, input: AiPlanDishesInput","Result<DishPlan, String>"
reorder_foodbook_blocks,commands.rs,D-8,Foodbook & Chat,Spezial,reorder_foodbook_blocks,W,foodbook_block,0,0,0,,Phase 2,0,"kapitel_id: i64, ordered_block_ids: Vec<i64>","Result<(), String>"
reorder_foodbook_kapitel,commands.rs,D-8,Foodbook & Chat,Spezial,reorder_foodbook_kapitel,W,foodbook_kapitel,0,0,0,,Phase 2,0,"foodbook_id: i64, parent_id: Option<i64>, ordered_ids: Vec<i64>","Result<(), String>"
reorder_kombination_blocks,commands.rs,D-8,Foodbook & Chat,Spezial,reorder_kombination_blocks,W,kombination_block,0,0,0,,Phase 2,0,"kombination_id: i64, ordered_block_ids: Vec<i64>","Result<(), String>"
upsert_foodbook,commands.rs,D-8,Foodbook & Chat,Spezial,upsert_foodbook,W,foodbook,0,0,0,,Phase 2,0,input: crate::models::FoodbookInput,"Result<i64, String>"
upsert_foodbook_block,commands.rs,D-8,Foodbook & Chat,Spezial,upsert_foodbook_block,W,foodbook_block;foodbook_block_staffel,0,0,0,,Phase 2,0,input: crate::models::FoodbookBlockInput,"Result<i64, String>"
upsert_foodbook_kapitel,commands.rs,D-8,Foodbook & Chat,Spezial,upsert_foodbook_kapitel,W,foodbook_kapitel,0,0,0,,Phase 2,0,input: crate::models::FoodbookKapitelInput,"Result<i64, String>"
upsert_kombination,commands.rs,D-8,Foodbook & Chat,Spezial,upsert_kombination,W,kombination,0,0,0,,Phase 2,0,input: crate::models::KombinationInput,"Result<i64, String>"
upsert_kombination_block,commands.rs,D-8,Foodbook & Chat,Spezial,upsert_kombination_block,W,kombination_block;kombination_block_staffel,0,0,0,,Phase 2,0,input: crate::models::KombinationBlockInput,"Result<i64, String>"
